Name,Slug,SKU,Regular price,Images
ЗЕЛЕН ЧАЙ ДЖИНДЖИФИЛ,zelen-chay-dzhindzhifil,64,4.60,image/cache/catalog/22268-300x300.gif
ЗЕЛЕН ЧАЙ ПЕЧЕНА ЯБЪЛКА,zelen-chay-pechena-yablka,74,5.00,image/cache/catalog/21452-300x300.jpg
РОЙБОС ОРГАНИК,roybos-organik,107,4.10,image/cache/catalog/22708-600x600.jpg
РОЙБОС ОРИЕНТАЛСКА НОЩ,roybos-orientalska-noshch,108,4.40,image/cache/catalog/22015-600x600.gif
РОЙБОС ДЖИНДЖЪР - ПОРТОКАЛ,roybos-dzhindzhr---portokal,109,5.00,image/cache/catalog/22737-600x600.gif
РОЙБОС ЛИМОН И ДЖИНДЖИФИЛ,roybos-limon-i-dzhindzhifil,110,5.00,image/cache/catalog/21077-600x600.png
РОЙБОС ШОКОЛАД И ПОРТОКАЛ,roybos-shokolad-i-portokal,111,5.30,image/cache/catalog/22779-600x600.gif
РОЙБОС КАРАМЕЛ,roybos-karamel,113,5.00,image/cache/catalog/22701-600x600.gif
РОЙБОС PARADISO,roybos-paradiso,114,4.40,image/cache/catalog/22711-600x600.gif
"РОЙБОС ЛЯТО (МЕНТА, ГРЕЙПФРУТ, ПОРТОКАЛ)",roybos-lyato-menta-greypfrut-portokal,115,5.60,image/cache/catalog/22170-600x600.gif
ЛАПАЧО,lapacho,116,4.10,image/cache/catalog/22750-600x600.gif
ЛАПАЧО ПОРТОКАЛ И ВАНИЛИЯ,lapacho-portokal-i-vaniliya,117,4.20,image/cache/catalog/22119-600x600.gif
МАТЕ АКАЙ,mate-akay,119,5.60,image/cache/catalog/22841-600x600.gif
ЙОГА ЧАЙ /АЮРВЕДА/,yoga-chay-ayurveda,120,5.40,image/cache/catalog/22865-600x600.gif
ЧЕРЕН ЧАЙ ПАНЕТОНЕ,cheren-chay-panetone,233,5.60,image/cache/catalog/21690-300x300.jpg
ЗЕЛЕН ЧАЙ УЛОНГ SPICE NOTE,zelen-chay-ulong-spice-note,268,8.20,image/cache/catalog/21691-300x300.jpg
РОЙБОС АКАЙ-ФЪСТЪЧЕНО МАСЛО,roybos-akay-fstcheno-maslo,305,5.00,image/cache/catalog/21623-300x300.jpg
КАФЕ СИНЯ СЛИВА И КАНЕЛА 100 % АРАБИКА,kafe-sinya-sliva-i-kanela-100-arabika,318,9.20,image/cache/catalog/14922--300x300.jpg
ЧЕРЕН ЧАЙ КАНЕЛА,cheren-chay-kanela,320,5.00,image/cache/catalog/22413-300x300.jpg
РОЙБОС СЛАДЪК ГРЯХ,roybos-sladk-gryah,323,5.60,image/cache/catalog/22762-600x600.gif
ЗЕЛЕН ЧАЙ ПОРТОКАЛОВА БИСКВИТКА,zelen-chay-portokalova-biskvitka,330,5.60,image/cache/catalog/22035-300x300.jpg
КАФЕ РОМ И ШОКОЛАД 100 % АРАБИКА,kafe-rom-i-shokolad-100-arabika,338,9.20,image/cache/catalog/13642--300x300.jpg
РОЙБОС ПЕЧЕНА ЯБЪЛКА,roybos-pechena-yablka,347,4.60,image/cache/catalog/21636-300x300.jpg
КАФЕ ОРЕХОВ КРЕМ 100 % АРАБИКА,kafe-orehov-krem-100-arabika,367,9.20,image/cache/catalog/12944_1-300x300.jpg
ЗЕЛЕН ЧАЙ КАРДАМОМ И КАНЕЛА - Spice tea,zelen-chay-kardamom-i-kanela---spice-tea,390,7.80,image/cache/catalog/22395-300x300.gif
КАФЕ КОЛЕДНА БИСКВИТКА 100% АРАБИКА,kafe-koledna-biskvitka-100-arabika,392,9.20,image/cache/catalog/13722-300x300.jpg
РОЙБОС БРЮЛЕ С ПОДПРАВКИ,roybos-bryule-s-podpravki,412,5.60,image/cache/catalog/21393-300x300.jpg
РОЙБОС БИСКВИТКА,roybos-biskvitka,413,5.60,image/cache/catalog/22751-300x300.jpg
ЧЕРЕН ЧАЙ БИСКВИТКА,cheren-chay-biskvitka,417,5.80,image/cache/catalog/21630-300x300.jpg
ХЪНИБУШ / HONEYBUSH,hnibush-honeybush,439,3.20,image/cache/catalog/23818-600x600.jpg